{"cameraMode":{"drawMode":0,"name":"Shaded","section":"Shading Mode"},"sceneLighting":false,"audioPlay":false,"sceneViewState":{"showFog":true,"showMaterialUpdate":false,"showSkybox":false,"showFlares":true,"showImageEffects":true,"showParticleSystems":true},"in2DMode":false,"pivot":{"x":-5.282548427581787,"y":-2.9702396392822267,"z":-11.956977844238282},"rotation":{"x":-0.030793100595474244,"y":0.9664389491081238,"z":-0.13957439363002778,"w":-0.2139018326997757},"size":18.241931915283204,"orthographic":false}