{"cameraMode":{"drawMode":0,"name":"Shaded","section":"Shading Mode"},"sceneLighting":false,"audioPlay":false,"sceneViewState":{"showFog":true,"showMaterialUpdate":false,"showSkybox":false,"showFlares":true,"showImageEffects":true,"showParticleSystems":true},"in2DMode":false,"pivot":{"x":-2.69712233543396,"y":-0.04829705134034157,"z":-1.6840494871139527},"rotation":{"x":0.08780241012573242,"y":-0.848835289478302,"z":0.14920829236507417,"w":0.4995259642601013},"size":5.323436737060547,"orthographic":false}