{"cameraMode":{"drawMode":0,"name":"Shaded","section":"Shading Mode"},"sceneLighting":false,"audioPlay":false,"sceneViewState":{"showFog":true,"showMaterialUpdate":false,"showSkybox":false,"showFlares":true,"showImageEffects":true,"showParticleSystems":true},"in2DMode":false,"pivot":{"x":-1.3947941064834595,"y":-0.1623435765504837,"z":-0.475508451461792},"rotation":{"x":0.16261059045791627,"y":0.07454913854598999,"z":-0.012311064638197422,"w":0.9838467836380005},"size":3.285788059234619,"orthographic":false}